author_name,affliations,article_title,doi,volume,type,author_id
Martin Josef Geiger,"University of the Federal Armed Forces Hamburg, Germany",Solving the Torpedo Scheduling Problem,10.1613/jair.1.11303,Vol. 66 (2019),article,31
Lucas Kletzander,,Solving the Torpedo Scheduling Problem,10.1613/jair.1.11303,Vol. 66 (2019),article,10
Nysret Musliu,"Priv. Dozent and Senior Scientist, Vienna University of Technology",Solving the Torpedo Scheduling Problem,10.1613/jair.1.11303,Vol. 66 (2019),article,17
Mohammad Mahdi Amirian,"Department of Electrical and Computer Engineering Isfahan University of Technology Isfahan, Iran",Xeggora: Exploiting Immune-to-Evidence Symmetries with Full Aggregation in Statistical Relational Models,10.1613/jair.1.11322,Vol. 66 (2019),article,39
Saeed Shiry Ghidary,"Amirkabir University of Technology, Tehran, Iran",Xeggora: Exploiting Immune-to-Evidence Symmetries with Full Aggregation in Statistical Relational Models,10.1613/jair.1.11322,Vol. 66 (2019),article,47
Krzysztof Magiera,,Recognizing Top-Monotonic Preference Profiles in Polynomial Time,10.1613/jair.1.11331,Vol. 66 (2019),article,50
Piotr Faliszewski,"AGH University of Science and Technology, Krakow, Poland",Recognizing Top-Monotonic Preference Profiles in Polynomial Time,10.1613/jair.1.11331,Vol. 66 (2019),article,52
St‚phane Airiau,Strategic Sourcing at Airbnb,Rationalisation of Profiles of Abstract Argumentation Frameworks: Characterisation and Complexity,10.1613/jair.5436,Vol. 60 (2017),article,62
Elise Bonzon,Paris Descartes University,Rationalisation of Profiles of Abstract Argumentation Frameworks: Characterisation and Complexity,10.1613/jair.5436,Vol. 60 (2017),article,93
Ulle Endriss,"Institute for Logic, Language and Computation University of Amsterdam",Rationalisation of Profiles of Abstract Argumentation Frameworks: Characterisation and Complexity,10.1613/jair.5436,Vol. 60 (2017),article,84
Nicolas Maudet,"LIP6, Sorbonne Universit‚",Rationalisation of Profiles of Abstract Argumentation Frameworks: Characterisation and Complexity,10.1613/jair.5436,Vol. 60 (2017),article,29
Julien Rossit,Unknown affiliation,Rationalisation of Profiles of Abstract Argumentation Frameworks: Characterisation and Complexity,10.1613/jair.5436,Vol. 60 (2017),article,34
Victor Gutierrez-Basulto,"University of Bremen, Faculty of Mathematics, Computer Science",Probabilistic Description Logics for Subjective Uncertainty,10.1613/jair.5222,Vol. 58 (2017),article,39
Jean Christoph Jung,"University of Bremen, Institute of Computer Science, Germany",Probabilistic Description Logics for Subjective Uncertainty,10.1613/jair.5222,Vol. 58 (2017),article,49
Carsten Lutz,"University of Bremen, Germany",Probabilistic Description Logics for Subjective Uncertainty,10.1613/jair.5222,Vol. 58 (2017),article,24
Lutz Schr”der,"Professor of Computer Science, Friedrich-Alexander-Universit„t Erlangen-NÅrnberg",Probabilistic Description Logics for Subjective Uncertainty,10.1613/jair.5222,Vol. 58 (2017),article,43
Mehrdad Oveisi,The University of British Columbia,Kernel Contraction and Base Dependence,10.1613/jair.5496,Vol. 60 (2017),article,47
James P. Delgrande,"Simon Fraser University, Burnaby, Canada",Kernel Contraction and Base Dependence,10.1613/jair.5496,Vol. 60 (2017),article,10
Francis Jeffry Pelletier,"University of Alberta, Philosophy, Faculty Member",Kernel Contraction and Base Dependence,10.1613/jair.5496,Vol. 60 (2017),article,28
Fred Popowich,"Professor of Computing Science, Simon Fraser University",Kernel Contraction and Base Dependence,10.1613/jair.5496,Vol. 60 (2017),article,32
Gadi Aleksandrowicz,"IBM Research, Haifa",The Computational Complexity of Structure-Based Causality,10.1613/jair.5229,Vol. 58 (2017),article,28
Hana Chockler,King's College London,The Computational Complexity of Structure-Based Causality,10.1613/jair.5229,Vol. 58 (2017),article,43
Joseph Y. Halpern,"Professor of Computer Science, Cornell University",The Computational Complexity of Structure-Based Causality,10.1613/jair.5229,Vol. 58 (2017),article,69
Alexander Ivrii,Unknown affiliation,The Computational Complexity of Structure-Based Causality,10.1613/jair.5229,Vol. 58 (2017),article,59
Supriyo Ghosh,Los Alamos National Laboratory,Dynamic Repositioning to Reduce Lost Demand in Bike Sharing Systems,10.1613/jair.5308,Vol. 58 (2017),article,38
Pradeep Varakantham,"Associate Professor, Singapore Management University",Dynamic Repositioning to Reduce Lost Demand in Bike Sharing Systems,10.1613/jair.5308,Vol. 58 (2017),article,39
Yossiri Adulyasak,HEC Montréal and GERAD,Dynamic Repositioning to Reduce Lost Demand in Bike Sharing Systems,10.1613/jair.5308,Vol. 58 (2017),article,20
Patrick Jaillet,"Dugald C. Jackson Professor, EECS, MIT",Dynamic Repositioning to Reduce Lost Demand in Bike Sharing Systems,10.1613/jair.5308,Vol. 58 (2017),article,93
Allan R. Leite,Physicist at Federal University of Para,Using Collective Behavior of Coupled Oscillators for Solving DCOP,10.1613/jair.1.11468,Vol. 64 (2019),article,46
Fabricio Enembreck,Pontificia Universidade Católica do Paraná,Using Collective Behavior of Coupled Oscillators for Solving DCOP,10.1613/jair.1.11468,Vol. 64 (2019),article,38
Carlo Combi,"Professor of Computer Science, University of Verona",Conditional Simple Temporal Networks with Uncertainty and Resources,10.1613/jair.1.11453,Vol. 64 (2019),article,38
Roberto Posenato,"Associate Professor of Computer Science, University of Verona (Italy)",Conditional Simple Temporal Networks with Uncertainty and Resources,10.1613/jair.1.11453,Vol. 64 (2019),article,88
Luca Vigano,"Professor of Computer Science and Head of the Cybersecurity Group, Department of Informatics, King's",Conditional Simple Temporal Networks with Uncertainty and Resources,10.1613/jair.1.11453,Vol. 64 (2019),article,48
Matteo Zavatteri,University of Verona,Conditional Simple Temporal Networks with Uncertainty and Resources,10.1613/jair.1.11453,Vol. 64 (2019),article,30
Heshan Du,University of Nottingham Ningbo China,Qualitative Spatial Logics for Buffered Geometries,10.1613/jair.5140,Vol. 56 (2016),article,20
Natasha Alechina,"Department of Information and Computing Sciences, University of Utrecht",Qualitative Spatial Logics for Buffered Geometries,10.1613/jair.5140,Vol. 56 (2016),article,49
Isabel Cenamor,Universidad Carlos III de Madrid,The IBaCoP Planning System: Instance-Based Configured Portfolios,10.1613/jair.5080,Vol. 56 (2016),article,48
Tom s de la Rosa,"Professor of Petrology and Geochemistry, CIQSO, Universidad de Huelva",The IBaCoP Planning System: Instance-Based Configured Portfolios,10.1613/jair.5080,Vol. 56 (2016),article,89
Fernando Fern ndez,University Carlos III de Madrid,The IBaCoP Planning System: Instance-Based Configured Portfolios,10.1613/jair.5080,Vol. 56 (2016),article,43
Cristhian Ariel D. Deagustini,Universidad Nacional del Sur | UNS · Institute for Computer Science and Engineering,Datalog+- Ontology Consolidation,10.1613/jair.5131,Vol. 56 (2016),article,38
Maria Vanina Martinez,National Scientific and Technical Research Council | conicet · ICIC CONICET- UNS - Instituto de Ciencias e Ingeniería de la Computación,Datalog+- Ontology Consolidation,10.1613/jair.5131,Vol. 56 (2016),article,84
Marcelo A. Falappa,Universidad Nacional del Sur | UNS · Departamento de Ciencias e Ingeniería de la Computación,Datalog+- Ontology Consolidation,10.1613/jair.5131,Vol. 56 (2016),article,48
Guillermo R. Simari,Universidad Nacional del Sur | UNS · Departamento de Ciencias e Ingeniería de la Computación,Datalog+- Ontology Consolidation,10.1613/jair.5131,Vol. 56 (2016),article,42
Broes De Cat,"Senior product analist, OM Partner",Lazy Model Expansion: Interleaving Grounding with Search,10.1613/jair.4591,Vol. 52 (2015),article,93
Marc Denecker,Prof. at KU-Leuven,Lazy Model Expansion: Interleaving Grounding with Search,10.1613/jair.4591,Vol. 52 (2015),article,92
Maurice Bruynooghe,"Professor Em. of Computer Science, KULeuven",Lazy Model Expansion: Interleaving Grounding with Search,10.1613/jair.4591,Vol. 52 (2015),article,78
Peter Stuckey,"Faculty of Information Technology, Monash University",Lazy Model Expansion: Interleaving Grounding with Search,10.1613/jair.4591,Vol. 52 (2015),article,56
Haris Aziz,UNSW Sydney and Data61 CSIRO,A Study of Proxies for Shapley Allocations of Transport Costs,10.1613/jair.5021,Vol. 56 (2016),article,45
Casey Cahan,University of Auckland,A Study of Proxies for Shapley Allocations of Transport Costs,10.1613/jair.5021,Vol. 56 (2016),article,35
Charles Gretton,The Australian National University,A Study of Proxies for Shapley Allocations of Transport Costs,10.1613/jair.5021,Vol. 56 (2016),article,58
Philip Kilby,CSIRO Data61,A Study of Proxies for Shapley Allocations of Transport Costs,10.1613/jair.5021,Vol. 56 (2016),article,63
Nicholas Mattei,"Assistant Professor, Tulane University",A Study of Proxies for Shapley Allocations of Transport Costs,10.1613/jair.5021,Vol. 56 (2016),article,40
Toby Walsh,"Professor, TU Berlin, UNSW, and Data61",A Study of Proxies for Shapley Allocations of Transport Costs,10.1613/jair.5021,Vol. 56 (2016),article,81
B. Bosansky,"Assistant Professor, Dept. of Computer Science, FEE, Czech Technical University in Prague",An Exact Double-Oracle Algorithm for Zero-Sum Extensive-Form Games with Imperfect Information,10.1613/jair.4477,Vol. 51 (2014),article,43
C. Kiekintveld,University of Texas at El Paso,An Exact Double-Oracle Algorithm for Zero-Sum Extensive-Form Games with Imperfect Information,10.1613/jair.4477,Vol. 51 (2014),article,80
V. Lisy,"Professor of Physics, Technical University of Kosice, Slovakia",An Exact Double-Oracle Algorithm for Zero-Sum Extensive-Form Games with Imperfect Information,10.1613/jair.4477,Vol. 51 (2014),article,37
M. Pechoucek,"Professor of Computer Science, Czech Technical University, Head of Agent Technology Center",An Exact Double-Oracle Algorithm for Zero-Sum Extensive-Form Games with Imperfect Information,10.1613/jair.4477,Vol. 51 (2014),article,62
Haonan Yu,"Research Scientist, Horizon Robotics","A Compositional Framework for Grounding Language Inference, Generation, and Acquisition in Video",10.1613/jair.4556,Vol. 52 (2015),article,40
N. Siddharth,"Senior Researcher, University of Oxford","A Compositional Framework for Grounding Language Inference, Generation, and Acquisition in Video",10.1613/jair.4556,Vol. 52 (2015),article,48
Andrei Barbu,"MIT, CSAIL","A Compositional Framework for Grounding Language Inference, Generation, and Acquisition in Video",10.1613/jair.4556,Vol. 52 (2015),article,74
Jeffrey Mark Siskind,Purdue University,"A Compositional Framework for Grounding Language Inference, Generation, and Acquisition in Video",10.1613/jair.4556,Vol. 52 (2015),article,34
D. Zilli,"Research Postgraduate, University of Southampton",A Hidden Markov Model-Based Acoustic Cicada Detector for Crowdsourced Smartphone Biodiversity Monitoring,10.1613/jair.4434,Vol. 51 (2014),article,38
O. Parson,"Senior Data Scientist, Bulb",A Hidden Markov Model-Based Acoustic Cicada Detector for Crowdsourced Smartphone Biodiversity Monitoring,10.1613/jair.4434,Vol. 51 (2014),article,29
G. V. Merrett,"Professor, University of Southampton | Head of Centre for IoT and Pervasive Systems",A Hidden Markov Model-Based Acoustic Cicada Detector for Crowdsourced Smartphone Biodiversity Monitoring,10.1613/jair.4434,Vol. 51 (2014),article,62
A. Rogers,"Simpson/Querrey Professor, Northwestern University",A Hidden Markov Model-Based Acoustic Cicada Detector for Crowdsourced Smartphone Biodiversity Monitoring,10.1613/jair.4434,Vol. 51 (2014),article,93
P. Kissmann,Universität des Saarlandes,BDD Ordering Heuristics for Classical Planning,10.1613/jair.4586,Vol. 51 (2014),article,84
J. Hoffmann,"Professor of Sociology, Brigham Young University",BDD Ordering Heuristics for Classical Planning,10.1613/jair.4586,Vol. 51 (2014),article,29
C. R. Shelton,"Professor, University of California, Riverside",Tutorial on Structured Continuous-Time Markov Processes,10.1613/jair.4415,Vol. 51 (2014),article,34
G. Ciardo,Iowa State University,Tutorial on Structured Continuous-Time Markov Processes,10.1613/jair.4415,Vol. 51 (2014),article,39
G. Stefanoni,Unknown affiliation,The Complexity of Answering Conjunctive and Navigational Queries over OWL 2 EL Knowledge Bases,10.1613/jair.4457,Vol. 51 (2014),article,49
B. Motik,"Professor of Computer Science, Oxford University",The Complexity of Answering Conjunctive and Navigational Queries over OWL 2 EL Knowledge Bases,10.1613/jair.4457,Vol. 51 (2014),article,24
M. Kroetzsch,Technische Universität Dresden,The Complexity of Answering Conjunctive and Navigational Queries over OWL 2 EL Knowledge Bases,10.1613/jair.4457,Vol. 51 (2014),article,43
S. Rudolph,Helmholtz-Zentrum für Umweltforschung,The Complexity of Answering Conjunctive and Navigational Queries over OWL 2 EL Knowledge Bases,10.1613/jair.4457,Vol. 51 (2014),article,47
O. Cepek,Norwegian University of Life Sciences (NMBU) · Department of Animal and Aquacultural Sciences (IHA),On Minimum Representations of Matched Formulas,10.1613/jair.4517,Vol. 51 (2014),article,10
S. Gursky,Unknown affiliation,On Minimum Representations of Matched Formulas,10.1613/jair.4517,Vol. 51 (2014),article,28
P. Kucera,"PhD student of human geography, Charles University in Prague",On Minimum Representations of Matched Formulas,10.1613/jair.4517,Vol. 51 (2014),article,32
P. Nguyen,University Paris 1 Pantheon Sorbonne & ESCP Europe,Using Meta-mining to Support Data Mining Workflow Planning and Optimization,10.1613/jair.4377,Vol. 51 (2014),article,28
M. Hilario,University of Geneva,Using Meta-mining to Support Data Mining Workflow Planning and Optimization,10.1613/jair.4377,Vol. 51 (2014),article,43
A. Kalousis,"University of Applied Sciences, Western Switzerland (HES-SO)",Using Meta-mining to Support Data Mining Workflow Planning and Optimization,10.1613/jair.4377,Vol. 51 (2014),article,38
I. Kash,University of Illinois at Chicago,No Agent Left Behind: Dynamic Fair Division of Multiple Resources,10.1613/jair.4405,Vol. 51 (2014),article,39
A. D. Procaccia,Carnegie Mellon University,No Agent Left Behind: Dynamic Fair Division of Multiple Resources,10.1613/jair.4405,Vol. 51 (2014),article,20
N. Shah,Forschungszentrum Jülich · Institute of Neuroscience and Medicine - 4 (INM-4),No Agent Left Behind: Dynamic Fair Division of Multiple Resources,10.1613/jair.4405,Vol. 51 (2014),article,93
D. Cohen,"W. D. Hamilton Professor of Complex Systems, Information & Public Policy, The University of Michigan",Iterative Plan Construction for the Workflow Satisfiability Problem,10.1613/jair.4435,Vol. 51 (2014),article,46
J. Crampton,"Professor of Urban Data Analysis, Newcastle University",Iterative Plan Construction for the Workflow Satisfiability Problem,10.1613/jair.4435,Vol. 51 (2014),article,38
A. Gagarin,"Saint Petersburg Electrotechnical University ""LETI""",Iterative Plan Construction for the Workflow Satisfiability Problem,10.1613/jair.4435,Vol. 51 (2014),article,38
G. Gutin,"Professor of Computer Science, Royal Holloway, University of London",Iterative Plan Construction for the Workflow Satisfiability Problem,10.1613/jair.4435,Vol. 51 (2014),article,88
M. Jones,"Researcher, MERL",Iterative Plan Construction for the Workflow Satisfiability Problem,10.1613/jair.4435,Vol. 51 (2014),article,48
A. G. Cohn,"Professor of Automated Reasoning, University of Leeds",Reasoning about Topological and Cardinal Direction Relations Between 2-Dimensional Spatial Objects,10.1613/jair.4513,Vol. 51 (2014),article,30
S. Li,"Massachusetts Institute of Technology (MIT), Harvard University",Reasoning about Topological and Cardinal Direction Relations Between 2-Dimensional Spatial Objects,10.1613/jair.4513,Vol. 51 (2014),article,20
W. Liu,"University of New South Wales, Sydney",Reasoning about Topological and Cardinal Direction Relations Between 2-Dimensional Spatial Objects,10.1613/jair.4513,Vol. 51 (2014),article,49
J. Renz,"Professor, Australian National University",Reasoning about Topological and Cardinal Direction Relations Between 2-Dimensional Spatial Objects,10.1613/jair.4513,Vol. 51 (2014),article,48
A. Lopez-Ortiz,"Professor and Cheriton Chair, University of Waterloo",Optimal Scheduling of Contract Algorithms for Anytime Problem-Solving,10.1613/jair.4360,Vol. 51 (2014),article,89
S. Angelopoulos,"Assistant Professor, Tilburg University",Optimal Scheduling of Contract Algorithms for Anytime Problem-Solving,10.1613/jair.4360,Vol. 51 (2014),article,31
A. M. Hamel,University of Manitoba,Optimal Scheduling of Contract Algorithms for Anytime Problem-Solving,10.1613/jair.4360,Vol. 51 (2014),article,10
B. de Wilde,Independent Researcher · Laboratory,Push and Rotate: a Complete Multi-agent Pathfinding Algorithm,10.1613/jair.4447,Vol. 51 (2014),article,17
A. W. ter Mors,Delft University of Technology,Push and Rotate: a Complete Multi-agent Pathfinding Algorithm,10.1613/jair.4447,Vol. 51 (2014),article,39
C. Witteveen,"Professor of algorithmics, Delft University of Technology",Push and Rotate: a Complete Multi-agent Pathfinding Algorithm,10.1613/jair.4447,Vol. 51 (2014),article,47
S. Cai,"Associate Professor of Mechanics, BeiHang University",Scoring Functions Based on Second Level Score for k-SAT with Long Clauses,10.1613/jair.4480,Vol. 51 (2014),article,50
C. Luo,"Researcher, Microsoft Research Asia",Scoring Functions Based on Second Level Score for k-SAT with Long Clauses,10.1613/jair.4480,Vol. 51 (2014),article,52
K. Su,University of Cambrige,Scoring Functions Based on Second Level Score for k-SAT with Long Clauses,10.1613/jair.4480,Vol. 51 (2014),article,62
A. Metodi,Cadence Israel Development Center,A Novel SAT-Based Approach to Model Based Diagnosis,10.1613/jair.4503,Vol. 51 (2014),article,93
R. Stern,University of Sheffield,A Novel SAT-Based Approach to Model Based Diagnosis,10.1613/jair.4503,Vol. 51 (2014),article,84
M. Kalech,Ben-Gurion University,A Novel SAT-Based Approach to Model Based Diagnosis,10.1613/jair.4503,Vol. 51 (2014),article,29
M. Codish,"Department of Computer Science, Ben-Gurion University of the Negev",A Novel SAT-Based Approach to Model Based Diagnosis,10.1613/jair.4503,Vol. 51 (2014),article,34
F. Belardinelli,Université d'Evry,Verification of Agent-Based Artifact Systems,10.1613/jair.4424,Vol. 51 (2014),article,39
A. Lomuscio,Imperial College London,Verification of Agent-Based Artifact Systems,10.1613/jair.4424,Vol. 51 (2014),article,49
F. Patrizi,"Senior Researcher, DIAG - Sapienza University of Rome",Verification of Agent-Based Artifact Systems,10.1613/jair.4424,Vol. 51 (2014),article,24
R. Nissim,"Engineering Group Manager, Autonomous Driving Simulation, General Motors Israel",Distributed Heuristic Forward Search for Multi-agent Planning,10.1613/jair.4295,Vol. 51 (2014),article,43
R. Brafman,"Department of Computer Science, Ben-Gurion University",Distributed Heuristic Forward Search for Multi-agent Planning,10.1613/jair.4295,Vol. 51 (2014),article,47
C. Bäckström,University of Minnesota Duluth,Automaton Plans,10.1613/jair.4391,Vol. 51 (2014),article,10
A. Jonsson,Swedish Institute of Computer Science,Automaton Plans,10.1613/jair.4391,Vol. 51 (2014),article,28
P. Jonsson,"Professor of Applied Mathematics, Malmö University",Automaton Plans,10.1613/jair.4391,Vol. 51 (2014),article,32
Z. Zhuang,"Professor, College of Intelligence and Computing, Tianjin University",Entrenchment-Based Horn Contraction,10.1613/jair.4430,Vol. 51 (2014),article,28
M. Pagnucco,"Professor, The University of New South Wales",Entrenchment-Based Horn Contraction,10.1613/jair.4430,Vol. 51 (2014),article,43
A. Adiga,"Biocomplexity Institute & Initiative, University of Virginia",Sensitivity of Diffusion Dynamics to Network Uncertainty,10.1613/jair.4330,Vol. 51 (2014),article,69
C. J. Kuhlman,"Network Dynamics and Simulation Science Lab, Biocomplexity Institute, Virginia Tech",Sensitivity of Diffusion Dynamics to Network Uncertainty,10.1613/jair.4330,Vol. 51 (2014),article,186
H. S. Mortveit,Virginia Polytechnic Institute and State University | VT · NDSSL & Department of Mathematics,Sensitivity of Diffusion Dynamics to Network Uncertainty,10.1613/jair.4330,Vol. 51 (2014),article,208
A. K. S. Vullikanti,,Sensitivity of Diffusion Dynamics to Network Uncertainty,10.1613/jair.4330,Vol. 51 (2014),article,222
Z. Feldman,"Professor of Mathematics Education, Boston University",Simple Regret Optimization in Online Planning for Markov Decision Processes,10.1613/jair.4432,Vol. 51 (2014),article,223
C. Domshlak,"Professor, Technion",Simple Regret Optimization in Online Planning for Markov Decision Processes,10.1613/jair.4432,Vol. 51 (2014),article,225
K. Woodsend,University of Edinburgh,Text Rewriting Improves Semantic Role Labeling,10.1613/jair.4431,Vol. 51 (2014),article,235
M. Lapata,"School of Informatics, Edinburgh University",Text Rewriting Improves Semantic Role Labeling,10.1613/jair.4431,Vol. 51 (2014),article,248
M. Winikoff,"Professor, Victoria University of Wellington, New Zealand",On the Testability of BDI Agent Systems,10.1613/jair.4458,Vol. 51 (2014),article,253
S. Cranefield,"Professor of Information Science, University of Otago",On the Testability of BDI Agent Systems,10.1613/jair.4458,Vol. 51 (2014),article,261
R. Micalizio,Università di Torino,Cooperative Monitoring to Diagnose Multiagent Plans,10.1613/jair.4339,Vol. 51 (2014),article,265
P. Torasso,,Cooperative Monitoring to Diagnose Multiagent Plans,10.1613/jair.4339,Vol. 51 (2014),article,266
B. Bonet,"Professor of Computer Science, Universidad Simón Bolívar, Caracas, Venezuela","Belief Tracking for Planning with Sensing: Width, Complexity and Approximations",10.1613/jair.4475,Vol. 50 (2014),article,272
H. Geffner,"ICREA & Universitat Pompeu Fabra, Artificial Intelligence and Machine Learning Group, DTIC","Belief Tracking for Planning with Sensing: Width, Complexity and Approximations",10.1613/jair.4475,Vol. 50 (2014),article,273
Y. Zick,National University of Singapore,Arbitration and Stability in Cooperative Games with Overlapping Coalitions,10.1613/jair.4237,Vol. 50 (2014),article,292
E. Markakis,Athens University of Economics and Business,Arbitration and Stability in Cooperative Games with Overlapping Coalitions,10.1613/jair.4237,Vol. 50 (2014),article,302
E. Elkind,University of Oxford,Arbitration and Stability in Cooperative Games with Overlapping Coalitions,10.1613/jair.4237,Vol. 50 (2014),article,310
U. Thayasivam,"Senior Lecturer Department of Computer Science and Engineering, University of Moratuwa",Speeding Up Iterative Ontology Alignment using Block-Coordinate Descent,10.1613/jair.4366,Vol. 50 (2014),article,318
P. Doshi,"National Chemical Laboratory, Pune, India",Speeding Up Iterative Ontology Alignment using Block-Coordinate Descent,10.1613/jair.4366,Vol. 50 (2014),article,326
A. Veit,,Demand Side Energy Management via Multiagent Coordination in Consumer Cooperatives,10.1613/jair.4416,Vol. 50 (2014),article,334
Y. Xu,Chinese Academy of Sciences | CAS,Demand Side Energy Management via Multiagent Coordination in Consumer Cooperatives,10.1613/jair.4416,Vol. 50 (2014),article,342
R. Zheng,"Computing and Software, McMaster University; Computer Science, University of Houston",Demand Side Energy Management via Multiagent Coordination in Consumer Cooperatives,10.1613/jair.4416,Vol. 50 (2014),article,349
N. Chakraborty,"Department of Mechanical Engineering, Stony Brook University",Demand Side Energy Management via Multiagent Coordination in Consumer Cooperatives,10.1613/jair.4416,Vol. 50 (2014),article,357
K. Sycara,"Professor School of Computer Science, Carnegie Mellon University",Demand Side Energy Management via Multiagent Coordination in Consumer Cooperatives,10.1613/jair.4416,Vol. 50 (2014),article,365
A. M. S. Barreto,,Policy Iteration Based on Stochastic Factorization,10.1613/jair.4301,Vol. 50 (2014),article,373
J. Pineau,"School of Computer Science, McGill University",Policy Iteration Based on Stochastic Factorization,10.1613/jair.4301,Vol. 50 (2014),article,381
D. Precup,DeepMind and McGill University,Policy Iteration Based on Stochastic Factorization,10.1613/jair.4301,Vol. 50 (2014),article,88
S. Kiritchenko,National Research Council Canada,Sentiment Analysis of Short Informal Texts,10.1613/jair.4272,Vol. 50 (2014),article,48
X. Zhu,"Associate Professor of Health Management and Policy, University of Iowa",Sentiment Analysis of Short Informal Texts,10.1613/jair.4272,Vol. 50 (2014),article,30
S. M. Mohammad,"Senior Research Scientist, National Research Council Canada",Sentiment Analysis of Short Informal Texts,10.1613/jair.4272,Vol. 50 (2014),article,20
D. Bergman,University of Connecticut,MDD Propagation for Sequence Constraints,10.1613/jair.4199,Vol. 50 (2014),article,49
A. A. Cire,"Assistant Professor, University of Toronto Scarborough and Rotman School of Management",MDD Propagation for Sequence Constraints,10.1613/jair.4199,Vol. 50 (2014),article,48
W. van Hoeve,Tide Microfluidics,MDD Propagation for Sequence Constraints,10.1613/jair.4199,Vol. 50 (2014),article,89
A. Gerevini,Università degli Studi di Brescia,Planning through Automatic Portfolio Configuration: The PbP Approach,10.1613/jair.4359,Vol. 50 (2014),article,31
A. Saetti,Università degli Studi di Brescia | UNIBS,Planning through Automatic Portfolio Configuration: The PbP Approach,10.1613/jair.4359,Vol. 50 (2014),article,10
M. Vallati,"Senior Lecturer, University of Huddersfield",Planning through Automatic Portfolio Configuration: The PbP Approach,10.1613/jair.4359,Vol. 50 (2014),article,17
D. D. Maua,"Professor, Dept. of Computer Science, Institute of Mathematics and Statistics, Universidade de São",Probabilistic Inference in Credal Networks: New Complexity Results,10.1613/jair.435,Vol. 50 (2014),article,39
C. P. de Campos,Eindhoven University of Technology,Probabilistic Inference in Credal Networks: New Complexity Results,10.1613/jair.435,Vol. 50 (2014),article,47
A. Benavoli,"Senior Lecturer, CSIS, University of Limerick",Probabilistic Inference in Credal Networks: New Complexity Results,10.1613/jair.435,Vol. 50 (2014),article,50
A. Antonucci,EPFL,Probabilistic Inference in Credal Networks: New Complexity Results,10.1613/jair.435,Vol. 50 (2014),article,52
A. Rey,Professor of Physical Chemistry,False-Name Manipulation in Weighted Voting Games is Hard for Probabilistic Polynomial Time,10.1613/jair.4293,Vol. 50 (2014),article,62
J. Rothe,"Professor of Computer Science, Heinrich-Heine-Universität Düsseldorf",False-Name Manipulation in Weighted Voting Games is Hard for Probabilistic Polynomial Time,10.1613/jair.4293,Vol. 50 (2014),article,93
E. Keyder,"Postdoctoral researcher, INRIA",Improving Delete Relaxation Heuristics Through Explicitly Represented Conjunctions,10.1613/jair.4277,Vol. 50 (2014),article,84
J. Hoffmann,"Professor of Computer Science, Saarland Informatics Campus, Saarland University, Saarbruecken",Improving Delete Relaxation Heuristics Through Explicitly Represented Conjunctions,10.1613/jair.4277,Vol. 50 (2014),article,29
P. Haslum,Unknown affiliation,Improving Delete Relaxation Heuristics Through Explicitly Represented Conjunctions,10.1613/jair.4277,Vol. 50 (2014),article,34
D. Terekhov,"Assistant Professor, Industrial Engineering, Concordia University",Integrating Queueing Theory and Scheduling for Dynamic Scheduling Problems,10.1613/jair.4278,Vol. 50 (2014),article,39
T. T. Tran,"University of Massachusetts, Amherst. Twitter, Inc. LinkedIn",Integrating Queueing Theory and Scheduling for Dynamic Scheduling Problems,10.1613/jair.4278,Vol. 50 (2014),article,49
D. G. Down,McMaster University,Integrating Queueing Theory and Scheduling for Dynamic Scheduling Problems,10.1613/jair.4278,Vol. 50 (2014),article,46
J.C. Beck,"Professor of Mechanical and Industrial Engineering, University of Toronto",Integrating Queueing Theory and Scheduling for Dynamic Scheduling Problems,10.1613/jair.4278,Vol. 50 (2014),article,38
M. Cooper,"Professor of Physics & Astronomy, University of California Irvine","Monotone Temporal Planning: Tractability, Extensions and Applications",10.1613/jair.4358,Vol. 50 (2014),article,38
F. Maris,"Associate Professor of Computer Science, University of Toulouse","Monotone Temporal Planning: Tractability, Extensions and Applications",10.1613/jair.4358,Vol. 50 (2014),article,88
P. Régnier,ULB,"Monotone Temporal Planning: Tractability, Extensions and Applications",10.1613/jair.4358,Vol. 50 (2014),article,48
R. Bredereck,TU Berlin,A Multivariate Complexity Analysis of Lobbying in Multiple Referenda,10.1613/jair.4285,Vol. 50 (2014),article,30
J. Chen,"Prof. of Computer Science, Queens College",A Multivariate Complexity Analysis of Lobbying in Multiple Referenda,10.1613/jair.4285,Vol. 50 (2014),article,20
S. Hartung,University of Hamburg,A Multivariate Complexity Analysis of Lobbying in Multiple Referenda,10.1613/jair.4285,Vol. 50 (2014),article,49
S. Kratsch,Professor at Humboldt University Berlin,A Multivariate Complexity Analysis of Lobbying in Multiple Referenda,10.1613/jair.4285,Vol. 50 (2014),article,48
R. Niedermeier,"Professor of Theoretical Computer Science, TU Berlin",A Multivariate Complexity Analysis of Lobbying in Multiple Referenda,10.1613/jair.4285,Vol. 50 (2014),article,89
O. Suchy,"Assistant Professor of Theoretical Computer Science, Czech Technical University",A Multivariate Complexity Analysis of Lobbying in Multiple Referenda,10.1613/jair.4285,Vol. 50 (2014),article,83
G. J. Woeginger,"Professor of Computer Science, RWTH Aachen",A Multivariate Complexity Analysis of Lobbying in Multiple Referenda,10.1613/jair.4285,Vol. 50 (2014),article,49
J.R. Doppa,"George and Joan Berry Chair Assistant Professor, Computer Science, Washington State University",HC-Search: A Learning Framework for Search-based Structured Prediction,10.1613/jair.4212,Vol. 50 (2014),article,59
A. Fern,Oregon State University,HC-Search: A Learning Framework for Search-based Structured Prediction,10.1613/jair.4212,Vol. 50 (2014),article,20
P. Tadepalli,"Professor of Computer Science, Oregon State University",HC-Search: A Learning Framework for Search-based Structured Prediction,10.1613/jair.4212,Vol. 50 (2014),article,110
F.M. Delle Fave,Mind Foundry ltd.,Game-Theoretic Patrolling with Dynamic Execution Uncertainty and a Case Study on a Real Transit System,10.1613/jair.4317,Vol. 50 (2014),article,144
A.X. Jiang,"Assistant Professor of Computer Science, Trinity University",Game-Theoretic Patrolling with Dynamic Execution Uncertainty and a Case Study on a Real Transit System,10.1613/jair.4317,Vol. 50 (2014),article,150
Z. Yin,,Game-Theoretic Patrolling with Dynamic Execution Uncertainty and a Case Study on a Real Transit System,10.1613/jair.4317,Vol. 50 (2014),article,153
C. Zhang,University of Washington,Game-Theoretic Patrolling with Dynamic Execution Uncertainty and a Case Study on a Real Transit System,10.1613/jair.4317,Vol. 50 (2014),article,161
M. Tambe,"Director CRCS Center & CS Professor @Harvard; Director ""AI for Social Good"" @Google Research India",Game-Theoretic Patrolling with Dynamic Execution Uncertainty and a Case Study on a Real Transit System,10.1613/jair.4317,Vol. 50 (2014),article,165
S. Kraus,"Professor Of Computer Science, Bar-Ilan University",Game-Theoretic Patrolling with Dynamic Execution Uncertainty and a Case Study on a Real Transit System,10.1613/jair.4317,Vol. 50 (2014),article,168
J. P. Sullivan,,Game-Theoretic Patrolling with Dynamic Execution Uncertainty and a Case Study on a Real Transit System,10.1613/jair.4317,Vol. 50 (2014),article,185
M. Suda,Czech Technical University in Prague,Property Directed Reachability for Automated Planning,10.1613/jair.4231,Vol. 50 (2014),article,186
N. Rivera,Molecular Biology Institute of Barcelona ,Reconnection with the Ideal Tree: A New Approach to Real-Time Search,10.1613/jair.4292,Vol. 50 (2014),article,208
L. Illanes,"PhD Student, University of Toronto",Reconnection with the Ideal Tree: A New Approach to Real-Time Search,10.1613/jair.4292,Vol. 50 (2014),article,222
J. A. Baier,Pontificia Universidad Católica de Chile,Reconnection with the Ideal Tree: A New Approach to Real-Time Search,10.1613/jair.4292,Vol. 50 (2014),article,223
C. Hernandez,"Biomedical Engineering Department, Case Western Reserve University",Reconnection with the Ideal Tree: A New Approach to Real-Time Search,10.1613/jair.4292,Vol. 50 (2014),article,225
M. Goldenberg,Jerusalem College of Technology,Enhanced Partial Expansion A*,10.1613/jair.4171,Vol. 50 (2014),article,235
A. Felner,Ben-Gurion University,Enhanced Partial Expansion A*,10.1613/jair.4171,Vol. 50 (2014),article,248
R. Stern,University of Sheffield,Enhanced Partial Expansion A*,10.1613/jair.4171,Vol. 50 (2014),article,253
G. Sharon,Texas A&M University,Enhanced Partial Expansion A*,10.1613/jair.4171,Vol. 50 (2014),article,261
N. Sturtevant,University of Alberta,Enhanced Partial Expansion A*,10.1613/jair.4171,Vol. 50 (2014),article,265
R. C. Holte,University of Alberta,Enhanced Partial Expansion A*,10.1613/jair.4171,Vol. 50 (2014),article,266
J. Schaeffer,University of Alberta,Enhanced Partial Expansion A*,10.1613/jair.4171,Vol. 50 (2014),article,272
J. De Bock,Ghent University,An Efficient Algorithm for Estimating State Sequences in Imprecise Hidden Markov Models,10.1613/jair.4385,Vol. 50 (2014),article,273
G. de Cooman,"Professor in Uncertainty Modelling and Systems Science, Ghent University",An Efficient Algorithm for Estimating State Sequences in Imprecise Hidden Markov Models,10.1613/jair.4385,Vol. 50 (2014),article,292
B. de Keijzer,"Postdoctoral researcher, Centrum Wiskunde & Informatica (CWI)",Finding Optimal Solutions for Voting Game Design Problems,10.1613/jair.4109,Vol. 50 (2014),article,302
T. B. Klos,"Assistant professor of Algorithmics, University of Utrecht",Finding Optimal Solutions for Voting Game Design Problems,10.1613/jair.4109,Vol. 50 (2014),article,310
Y. Zhang,University of Michigan,Finding Optimal Solutions for Voting Game Design Problems,10.1613/jair.4109,Vol. 50 (2014),article,318
A. Fern,Oregon State University,A Decision-Theoretic Model of Assistance,10.1613/jair.4213,Vol. 50 (2014),article,326
S. Natarajan,"Professor of Agronomy, Annamalai University",A Decision-Theoretic Model of Assistance,10.1613/jair.4213,Vol. 50 (2014),article,334
K. Judah,"Lookout, Inc.",A Decision-Theoretic Model of Assistance,10.1613/jair.4213,Vol. 50 (2014),article,342
P. Tadepalli,"Professor of Computer Science, Oregon State University",A Decision-Theoretic Model of Assistance,10.1613/jair.4213,Vol. 50 (2014),article,349
Y. Wang,"Professor, School of Information Engineering, Nanchang University",Knowledge Forgetting in Answer Set Programming,10.1613/jair.4297,Vol. 50 (2014),article,357
Y. Zhang,"Post Doctoral Fellow in Bioinformatics, University of Texas Southwestern Medical Center",Knowledge Forgetting in Answer Set Programming,10.1613/jair.4297,Vol. 50 (2014),article,365
Y. Zhou,Unknown affiliation,Knowledge Forgetting in Answer Set Programming,10.1613/jair.4297,Vol. 50 (2014),article,373
M. Zhang,GE Healthcare,Knowledge Forgetting in Answer Set Programming,10.1613/jair.4297,Vol. 50 (2014),article,381
M. Zhang,GE Healthcare,Topic-Based Dissimilarity and Sensitivity Models for Translation Rule Selection,10.1613/jair.4265,Vol. 50 (2014),article,
